"age_group","is_female","category","N","count","percent"
"[40,45)",0,"Activity limitation",300490,0,0
"[40,45)",1,"Activity limitation",327169,0,0
"[45,50)",0,"Activity limitation",305129,0,0
"[45,50)",1,"Activity limitation",335558,0,0
"[50,55)",0,"Activity limitation",328467,0,0
"[50,55)",1,"Activity limitation",360738,0,0
"[55,60)",0,"Activity limitation",349624,0,0
"[55,60)",1,"Activity limitation",384918,0,0
"[60,65)",0,"Activity limitation",344312,0,0
"[60,65)",1,"Activity limitation",384813,0,0
"[65,70)",0,"Activity limitation",281362,0,0
"[65,70)",1,"Activity limitation",318542,0,0
"[70,75)",0,"Activity limitation",202067,0,0
"[70,75)",1,"Activity limitation",244787,0,0
"[75,80)",0,"Activity limitation",151488,0,0
"[75,80)",1,"Activity limitation",186752,0,0
"[80,100]",0,"Activity limitation",191432,0,0
"[80,100]",1,"Activity limitation",295206,0,0
"[40,45)",0,"Anaemia and haematinic deficiency",300490,4095,0.0136277413557856
"[40,45)",1,"Anaemia and haematinic deficiency",327169,17329,0.0529665096632016
"[45,50)",0,"Anaemia and haematinic deficiency",305129,5762,0.0188838163530834
"[45,50)",1,"Anaemia and haematinic deficiency",335558,20454,0.0609551850946781
"[50,55)",0,"Anaemia and haematinic deficiency",328467,8041,0.0244803892019594
"[50,55)",1,"Anaemia and haematinic deficiency",360738,19929,0.0552450809174526
"[55,60)",0,"Anaemia and haematinic deficiency",349624,11673,0.0333872960666316
"[55,60)",1,"Anaemia and haematinic deficiency",384918,17521,0.0455187858193174
"[60,65)",0,"Anaemia and haematinic deficiency",344312,15347,0.0445729454680638
"[60,65)",1,"Anaemia and haematinic deficiency",384813,19996,0.0519629014612292
"[65,70)",0,"Anaemia and haematinic deficiency",281362,20396,0.0724902438851018
"[65,70)",1,"Anaemia and haematinic deficiency",318542,24583,0.0771734967445423
"[70,75)",0,"Anaemia and haematinic deficiency",202067,21845,0.108107706849708
"[70,75)",1,"Anaemia and haematinic deficiency",244787,26567,0.108531090294828
"[75,80)",0,"Anaemia and haematinic deficiency",151488,22560,0.148922686945501
"[75,80)",1,"Anaemia and haematinic deficiency",186752,26958,0.144351867717615
"[80,100]",0,"Anaemia and haematinic deficiency",191432,43882,0.229230222742279
"[80,100]",1,"Anaemia and haematinic deficiency",295206,62181,0.210635962683685
"[40,45)",0,"Arthritis",300490,10450,0.0347765316649472
"[40,45)",1,"Arthritis",327169,11188,0.0341963939126262
"[45,50)",0,"Arthritis",305129,16140,0.0528956605239096
"[45,50)",1,"Arthritis",335558,18680,0.0556684686402947
"[50,55)",0,"Arthritis",328467,24475,0.0745128125504236
"[50,55)",1,"Arthritis",360738,30403,0.0842800037700492
"[55,60)",0,"Arthritis",349624,36187,0.10350261995744
"[55,60)",1,"Arthritis",384918,45159,0.117321091764999
"[60,65)",0,"Arthritis",344312,45449,0.131999465600967
"[60,65)",1,"Arthritis",384813,57814,0.150239207095394
"[65,70)",0,"Arthritis",281362,48758,0.173292768746313
"[65,70)",1,"Arthritis",318542,65363,0.205194291490604
"[70,75)",0,"Arthritis",202067,42483,0.210242147406553
"[70,75)",1,"Arthritis",244787,63356,0.258820934118233
"[75,80)",0,"Arthritis",151488,36572,0.241418462188424
"[75,80)",1,"Arthritis",186752,55275,0.295980765935572
"[80,100]",0,"Arthritis",191432,51392,0.268460863387521
"[80,100]",1,"Arthritis",295206,99426,0.336802097518343
"[40,45)",0,"Atrial fibrillation",300490,1563,0.00520150420979068
"[40,45)",1,"Atrial fibrillation",327169,661,0.00202036256491293
"[45,50)",0,"Atrial fibrillation",305129,2736,0.00896669933044712
"[45,50)",1,"Atrial fibrillation",335558,1161,0.00345990857020247
"[50,55)",0,"Atrial fibrillation",328467,5044,0.0153561849439974
"[50,55)",1,"Atrial fibrillation",360738,2073,0.00574655289988856
"[55,60)",0,"Atrial fibrillation",349624,9158,0.0261938539688351
"[55,60)",1,"Atrial fibrillation",384918,4094,0.0106360315703604
"[60,65)",0,"Atrial fibrillation",344312,14981,0.0435099560863403
"[60,65)",1,"Atrial fibrillation",384813,7250,0.0188403198436643
"[65,70)",0,"Atrial fibrillation",281362,20876,0.0741962311897129
"[65,70)",1,"Atrial fibrillation",318542,11583,0.0363625518769895
"[70,75)",0,"Atrial fibrillation",202067,23722,0.117396705053274
"[70,75)",1,"Atrial fibrillation",244787,16111,0.0658164036488866
"[75,80)",0,"Atrial fibrillation",151488,26733,0.176469423320659
"[75,80)",1,"Atrial fibrillation",186752,20240,0.108379026730637
"[80,100]",0,"Atrial fibrillation",191432,52504,0.274269714572276
"[80,100]",1,"Atrial fibrillation",295206,61395,0.207973415174488
"[40,45)",0,"Cerebrovascular disease",300490,576,0.00191686911378082
"[40,45)",1,"Cerebrovascular disease",327169,627,0.00191644073857853
"[45,50)",0,"Cerebrovascular disease",305129,937,0.00307083233648719
"[45,50)",1,"Cerebrovascular disease",335558,1080,0.00321851960018834
"[50,55)",0,"Cerebrovascular disease",328467,1618,0.0049259134098707
"[50,55)",1,"Cerebrovascular disease",360738,1560,0.0043244681735775
"[55,60)",0,"Cerebrovascular disease",349624,2558,0.00731643136626776
"[55,60)",1,"Cerebrovascular disease",384918,2259,0.00586878244197465
"[60,65)",0,"Cerebrovascular disease",344312,3551,0.0103133204767769
"[60,65)",1,"Cerebrovascular disease",384813,3108,0.00807665021711844
"[65,70)",0,"Cerebrovascular disease",281362,4592,0.0163206118807799
"[65,70)",1,"Cerebrovascular disease",318542,4123,0.0129433481299169
"[70,75)",0,"Cerebrovascular disease",202067,5157,0.0255212380052161
"[70,75)",1,"Cerebrovascular disease",244787,5092,0.0208017582633065
"[75,80)",0,"Cerebrovascular disease",151488,5889,0.0388743662864385
"[75,80)",1,"Cerebrovascular disease",186752,6071,0.0325083533241947
"[80,100]",0,"Cerebrovascular disease",191432,11314,0.0591019265326591
"[80,100]",1,"Cerebrovascular disease",295206,16157,0.0547312723996125
"[40,45)",0,"Chronic kidney disease",300490,3013,0.0100269559719125
"[40,45)",1,"Chronic kidney disease",327169,2346,0.00717060601707374
"[45,50)",0,"Chronic kidney disease",305129,4712,0.0154426488468812
"[45,50)",1,"Chronic kidney disease",335558,3536,0.0105376715798759
"[50,55)",0,"Chronic kidney disease",328467,7426,0.0226080549948701
"[50,55)",1,"Chronic kidney disease",360738,5298,0.0146865592202651
"[55,60)",0,"Chronic kidney disease",349624,10906,0.0311935107429696
"[55,60)",1,"Chronic kidney disease",384918,8242,0.0214123527608478
"[60,65)",0,"Chronic kidney disease",344312,15053,0.0437190687515974
"[60,65)",1,"Chronic kidney disease",384813,12151,0.0315763760579814
"[65,70)",0,"Chronic kidney disease",281362,21310,0.0757387280442988
"[65,70)",1,"Chronic kidney disease",318542,18139,0.0569438253040415
"[70,75)",0,"Chronic kidney disease",202067,24032,0.118930849668674
"[70,75)",1,"Chronic kidney disease",244787,22109,0.090319338853779
"[75,80)",0,"Chronic kidney disease",151488,26042,0.17190800591466
"[75,80)",1,"Chronic kidney disease",186752,24296,0.130097669636737
"[80,100]",0,"Chronic kidney disease",191432,50988,0.266350453424715
"[80,100]",1,"Chronic kidney disease",295206,61064,0.206852164251404
"[40,45)",0,"Diabetes",300490,17308,0.0575992545509002
"[40,45)",1,"Diabetes",327169,15078,0.0460862734550034
"[45,50)",0,"Diabetes",305129,27789,0.0910729560284339
"[45,50)",1,"Diabetes",335558,22391,0.0667276595998307
"[50,55)",0,"Diabetes",328467,40322,0.122758146176024
"[50,55)",1,"Diabetes",360738,32572,0.0902926777883117
"[55,60)",0,"Diabetes",349624,53757,0.153756607097911
"[55,60)",1,"Diabetes",384918,45055,0.117050904348459
"[60,65)",0,"Diabetes",344312,62140,0.180475847487163
"[60,65)",1,"Diabetes",384813,54161,0.140746284558994
"[65,70)",0,"Diabetes",281362,64431,0.228996808382084
"[65,70)",1,"Diabetes",318542,57014,0.178984246975281
"[70,75)",0,"Diabetes",202067,54560,0.270009452310372
"[70,75)",1,"Diabetes",244787,51890,0.211980211367434
"[75,80)",0,"Diabetes",151488,45301,0.29904018800169
"[75,80)",1,"Diabetes",186752,43063,0.230589230637423
"[80,100]",0,"Diabetes",191432,56209,0.293623845543065
"[80,100]",1,"Diabetes",295206,64686,0.219121562569866
"[40,45)",0,"Dizziness",300490,7419,0.0246896735332291
"[40,45)",1,"Dizziness",327169,13389,0.0409238039056268
"[45,50)",0,"Dizziness",305129,8644,0.028329001832012
"[45,50)",1,"Dizziness",335558,15310,0.0456254954434107
"[50,55)",0,"Dizziness",328467,10344,0.0314917480294824
"[50,55)",1,"Dizziness",360738,17543,0.0486308622878654
"[55,60)",0,"Dizziness",349624,12514,0.035792737340686
"[55,60)",1,"Dizziness",384918,19800,0.0514395273798575
"[60,65)",0,"Dizziness",344312,14148,0.0410906387230187
"[60,65)",1,"Dizziness",384813,21259,0.0552450151112358
"[65,70)",0,"Dizziness",281362,15193,0.0539980523311606
"[65,70)",1,"Dizziness",318542,22050,0.0692216411022722
"[70,75)",0,"Dizziness",202067,14064,0.0696006770031722
"[70,75)",1,"Dizziness",244787,21291,0.0869776581272698
"[75,80)",0,"Dizziness",151488,14015,0.0925155787917195
"[75,80)",1,"Dizziness",186752,19755,0.1057819996573
"[80,100]",0,"Dizziness",191432,22399,0.117007605833925
"[80,100]",1,"Dizziness",295206,37434,0.126806365724274
"[40,45)",0,"Dyspnoea",300490,9706,0.0323005757263137
"[40,45)",1,"Dyspnoea",327169,12810,0.039154076333638
"[45,50)",0,"Dyspnoea",305129,11830,0.0387704872365459
"[45,50)",1,"Dyspnoea",335558,15748,0.0469307839479315
"[50,55)",0,"Dyspnoea",328467,15572,0.047408111012674
"[50,55)",1,"Dyspnoea",360738,18911,0.0524230882246949
"[55,60)",0,"Dyspnoea",349624,20241,0.057893622863419
"[55,60)",1,"Dyspnoea",384918,22541,0.058560524579261
"[60,65)",0,"Dyspnoea",344312,24523,0.0712231929180511
"[60,65)",1,"Dyspnoea",384813,26595,0.0691114905161728
"[65,70)",0,"Dyspnoea",281362,26754,0.0950874673907635
"[65,70)",1,"Dyspnoea",318542,29461,0.0924870189802287
"[70,75)",0,"Dyspnoea",202067,24617,0.121825929023542
"[70,75)",1,"Dyspnoea",244787,29624,0.121019498584484
"[75,80)",0,"Dyspnoea",151488,23899,0.157761670891424
"[75,80)",1,"Dyspnoea",186752,28567,0.152967571967101
"[80,100]",0,"Dyspnoea",191432,37023,0.193400267457896
"[80,100]",1,"Dyspnoea",295206,52199,0.176822286809889
"[40,45)",0,"Falls",300490,638,0.00212319877533362
"[40,45)",1,"Falls",327169,936,0.00286090674850001
"[45,50)",0,"Falls",305129,741,0.00242848106866276
"[45,50)",1,"Falls",335558,1267,0.00377580030873947
"[50,55)",0,"Falls",328467,953,0.00290135690952211
"[50,55)",1,"Falls",360738,1927,0.00534182703236144
"[55,60)",0,"Falls",349624,1283,0.00366965654531726
"[55,60)",1,"Falls",384918,2845,0.00739118461594418
"[60,65)",0,"Falls",344312,1803,0.00523652965914636
"[60,65)",1,"Falls",384813,3638,0.00945394256431046
"[65,70)",0,"Falls",281362,2530,0.00899197475138789
"[65,70)",1,"Falls",318542,4793,0.0150466814423216
"[70,75)",0,"Falls",202067,3068,0.0151830828388604
"[70,75)",1,"Falls",244787,5637,0.0230281836862252
"[75,80)",0,"Falls",151488,3865,0.0255135720321082
"[75,80)",1,"Falls",186752,6684,0.0357907813570939
"[80,100]",0,"Falls",191432,11777,0.0615205399306281
"[80,100]",1,"Falls",295206,23311,0.0789651971843391
"[40,45)",0,"Foot problems",300490,0,0
"[40,45)",1,"Foot problems",327169,0,0
"[45,50)",0,"Foot problems",305129,0,0
"[45,50)",1,"Foot problems",335558,0,0
"[50,55)",0,"Foot problems",328467,0,0
"[50,55)",1,"Foot problems",360738,0,0
"[55,60)",0,"Foot problems",349624,0,0
"[55,60)",1,"Foot problems",384918,0,0
"[60,65)",0,"Foot problems",344312,0,0
"[60,65)",1,"Foot problems",384813,0,0
"[65,70)",0,"Foot problems",281362,0,0
"[65,70)",1,"Foot problems",318542,0,0
"[70,75)",0,"Foot problems",202067,0,0
"[70,75)",1,"Foot problems",244787,0,0
"[75,80)",0,"Foot problems",151488,0,0
"[75,80)",1,"Foot problems",186752,0,0
"[80,100]",0,"Foot problems",191432,0,0
"[80,100]",1,"Foot problems",295206,0,0
"[40,45)",0,"Fragility fracture",300490,506,0.00168391627009218
"[40,45)",1,"Fragility fracture",327169,349,0.0010667269820796
"[45,50)",0,"Fragility fracture",305129,570,0.00186806236050982
"[45,50)",1,"Fragility fracture",335558,514,0.00153177692083038
"[50,55)",0,"Fragility fracture",328467,696,0.00211893432216935
"[50,55)",1,"Fragility fracture",360738,887,0.00245884824997644
"[55,60)",0,"Fragility fracture",349624,1067,0.00305184998741505
"[55,60)",1,"Fragility fracture",384918,1689,0.00438794756285754
"[60,65)",0,"Fragility fracture",344312,1351,0.0039237668161435
"[60,65)",1,"Fragility fracture",384813,2658,0.00690725105440824
"[65,70)",0,"Fragility fracture",281362,1676,0.00595673900526724
"[65,70)",1,"Fragility fracture",318542,3640,0.0114270645629148
"[70,75)",0,"Fragility fracture",202067,1903,0.00941766839711581
"[70,75)",1,"Fragility fracture",244787,4398,0.0179666403853146
"[75,80)",0,"Fragility fracture",151488,2077,0.0137106569497254
"[75,80)",1,"Fragility fracture",186752,5249,0.0281067940370117
"[80,100]",0,"Fragility fracture",191432,6273,0.032768816080906
"[80,100]",1,"Fragility fracture",295206,18764,0.0635623937182849
"[40,45)",0,"Hearing impairment",300490,2265,0.00753768844221105
"[40,45)",1,"Hearing impairment",327169,2301,0.00703306242339586
"[45,50)",0,"Hearing impairment",305129,2811,0.00921249700946157
"[45,50)",1,"Hearing impairment",335558,2991,0.00891351122607716
"[50,55)",0,"Hearing impairment",328467,3983,0.0121260278810352
"[50,55)",1,"Hearing impairment",360738,4254,0.0117924920579479
"[55,60)",0,"Hearing impairment",349624,5681,0.0162488845159371
"[55,60)",1,"Hearing impairment",384918,5926,0.0153954868309614
"[60,65)",0,"Hearing impairment",344312,7310,0.0212307442087409
"[60,65)",1,"Hearing impairment",384813,7246,0.0188299251844402
"[65,70)",0,"Hearing impairment",281362,9201,0.0327016441452648
"[65,70)",1,"Hearing impairment",318542,9445,0.0296507210980028
"[70,75)",0,"Hearing impairment",202067,9356,0.0463014742634869
"[70,75)",1,"Hearing impairment",244787,9813,0.0400879131653233
"[75,80)",0,"Hearing impairment",151488,9225,0.0608959125475285
"[75,80)",1,"Hearing impairment",186752,9616,0.0514907470870459
"[80,100]",0,"Hearing impairment",191432,16642,0.0869342638639308
"[80,100]",1,"Hearing impairment",295206,22759,0.0770953164908572
"[40,45)",0,"Heart failure",300490,968,0.00322140503843722
"[40,45)",1,"Heart failure",327169,651,0.0019897973218734
"[45,50)",0,"Heart failure",305129,1760,0.00576805220087242
"[45,50)",1,"Heart failure",335558,1118,0.00333176380834312
"[50,55)",0,"Heart failure",328467,3028,0.00921858207978275
"[50,55)",1,"Heart failure",360738,1800,0.0049897709695125
"[55,60)",0,"Heart failure",349624,5061,0.0144755508775141
"[55,60)",1,"Heart failure",384918,3138,0.00815238570292894
"[60,65)",0,"Heart failure",344312,7358,0.0213701526522456
"[60,65)",1,"Heart failure",384813,4708,0.0122345139067547
"[65,70)",0,"Heart failure",281362,9704,0.0344893766748886
"[65,70)",1,"Heart failure",318542,6696,0.021020775910241
"[70,75)",0,"Heart failure",202067,10661,0.0527597282089604
"[70,75)",1,"Heart failure",244787,8428,0.0344299329621263
"[75,80)",0,"Heart failure",151488,12165,0.0803033903675539
"[75,80)",1,"Heart failure",186752,9839,0.0526848440712817
"[80,100]",0,"Heart failure",191432,27948,0.145994400100297
"[80,100]",1,"Heart failure",295206,34317,0.116247637243145
"[40,45)",0,"Heart valve disease",300490,0,0
"[40,45)",1,"Heart valve disease",327169,0,0
"[45,50)",0,"Heart valve disease",305129,0,0
"[45,50)",1,"Heart valve disease",335558,0,0
"[50,55)",0,"Heart valve disease",328467,0,0
"[50,55)",1,"Heart valve disease",360738,0,0
"[55,60)",0,"Heart valve disease",349624,0,0
"[55,60)",1,"Heart valve disease",384918,0,0
"[60,65)",0,"Heart valve disease",344312,0,0
"[60,65)",1,"Heart valve disease",384813,0,0
"[65,70)",0,"Heart valve disease",281362,0,0
"[65,70)",1,"Heart valve disease",318542,0,0
"[70,75)",0,"Heart valve disease",202067,0,0
"[70,75)",1,"Heart valve disease",244787,0,0
"[75,80)",0,"Heart valve disease",151488,0,0
"[75,80)",1,"Heart valve disease",186752,0,0
"[80,100]",0,"Heart valve disease",191432,29,0.000151489824062853
"[80,100]",1,"Heart valve disease",295206,30,0.000101623950732709
"[40,45)",0,"Housebound",300490,0,0
"[40,45)",1,"Housebound",327169,0,0
"[45,50)",0,"Housebound",305129,0,0
"[45,50)",1,"Housebound",335558,0,0
"[50,55)",0,"Housebound",328467,0,0
"[50,55)",1,"Housebound",360738,0,0
"[55,60)",0,"Housebound",349624,0,0
"[55,60)",1,"Housebound",384918,0,0
"[60,65)",0,"Housebound",344312,0,0
"[60,65)",1,"Housebound",384813,0,0
"[65,70)",0,"Housebound",281362,0,0
"[65,70)",1,"Housebound",318542,0,0
"[70,75)",0,"Housebound",202067,0,0
"[70,75)",1,"Housebound",244787,0,0
"[75,80)",0,"Housebound",151488,0,0
"[75,80)",1,"Housebound",186752,0,0
"[80,100]",0,"Housebound",191432,0,0
"[80,100]",1,"Housebound",295206,0,0
"[40,45)",0,"Hypertension",300490,52464,0.17459482844687
"[40,45)",1,"Hypertension",327169,39706,0.121362354012758
"[45,50)",0,"Hypertension",305129,75737,0.248213050873565
"[45,50)",1,"Hypertension",335558,60893,0.181467883346545
"[50,55)",0,"Hypertension",328467,105521,0.321252972140276
"[50,55)",1,"Hypertension",360738,87485,0.242516729593223
"[55,60)",0,"Hypertension",349624,137790,0.394109100061781
"[55,60)",1,"Hypertension",384918,118890,0.30887098031269
"[60,65)",0,"Hypertension",344312,159926,0.464479890332024
"[60,65)",1,"Hypertension",384813,145889,0.379116609885841
"[65,70)",0,"Hypertension",281362,158240,0.562407148086806
"[65,70)",1,"Hypertension",318542,153969,0.483355413100941
"[70,75)",0,"Hypertension",202067,130490,0.645775906011372
"[70,75)",1,"Hypertension",244787,143623,0.586726419295142
"[75,80)",0,"Hypertension",151488,107990,0.712861744824673
"[75,80)",1,"Hypertension",186752,125990,0.674638022618232
"[80,100]",0,"Hypertension",191432,146453,0.765039282878516
"[80,100]",1,"Hypertension",295206,227653,0.771166575205111
"[40,45)",0,"Hypotension / syncope",300490,772,0.00256913707610902
"[40,45)",1,"Hypotension / syncope",327169,1491,0.00455727773719393
"[45,50)",0,"Hypotension / syncope",305129,1177,0.00385738490933343
"[45,50)",1,"Hypotension / syncope",335558,1814,0.00540592088402005
"[50,55)",0,"Hypotension / syncope",328467,1888,0.00574791379347088
"[50,55)",1,"Hypotension / syncope",360738,2394,0.00663639538945162
"[55,60)",0,"Hypotension / syncope",349624,2990,0.00855204448207217
"[55,60)",1,"Hypotension / syncope",384918,3268,0.00849011997360477
"[60,65)",0,"Hypotension / syncope",344312,4178,0.0121343432700574
"[60,65)",1,"Hypotension / syncope",384813,4065,0.0105635724364821
"[65,70)",0,"Hypotension / syncope",281362,5496,0.0195335546377976
"[65,70)",1,"Hypotension / syncope",318542,5016,0.0157467461119727
"[70,75)",0,"Hypotension / syncope",202067,6129,0.0303315237025343
"[70,75)",1,"Hypotension / syncope",244787,5814,0.023751261300641
"[75,80)",0,"Hypotension / syncope",151488,6814,0.0449804604985213
"[75,80)",1,"Hypotension / syncope",186752,6171,0.033043822823852
"[80,100]",0,"Hypotension / syncope",191432,14507,0.0757814785406829
"[80,100]",1,"Hypotension / syncope",295206,15767,0.0534101610400873
"[40,45)",0,"Ischaemic heart disease",300490,1797,0.00598023228726414
"[40,45)",1,"Ischaemic heart disease",327169,1020,0.00311765479003206
"[45,50)",0,"Ischaemic heart disease",305129,3517,0.0115262724945843
"[45,50)",1,"Ischaemic heart disease",335558,2083,0.00620757067332622
"[50,55)",0,"Ischaemic heart disease",328467,6302,0.0191860978424012
"[50,55)",1,"Ischaemic heart disease",360738,3275,0.00907861106952969
"[55,60)",0,"Ischaemic heart disease",349624,9945,0.028444843603414
"[55,60)",1,"Ischaemic heart disease",384918,5179,0.0134548137525395
"[60,65)",0,"Ischaemic heart disease",344312,13609,0.0395251980761635
"[60,65)",1,"Ischaemic heart disease",384813,7115,0.0184895000948513
"[65,70)",0,"Ischaemic heart disease",281362,16488,0.0586006639133927
"[65,70)",1,"Ischaemic heart disease",318542,9036,0.0283667459864005
"[70,75)",0,"Ischaemic heart disease",202067,16658,0.0824380032365502
"[70,75)",1,"Ischaemic heart disease",244787,10158,0.0414973017357948
"[75,80)",0,"Ischaemic heart disease",151488,16069,0.106074408534009
"[75,80)",1,"Ischaemic heart disease",186752,10203,0.0546339530500343
"[80,100]",0,"Ischaemic heart disease",191432,24653,0.128782021814535
"[80,100]",1,"Ischaemic heart disease",295206,21408,0.0725188512428609
"[40,45)",0,"Memory and cognitive problems",300490,73,0.000242936536989584
"[40,45)",1,"Memory and cognitive problems",327169,96,0.000293426333179488
"[45,50)",0,"Memory and cognitive problems",305129,144,0.000471931543707743
"[45,50)",1,"Memory and cognitive problems",335558,160,0.000476817718546421
"[50,55)",0,"Memory and cognitive problems",328467,265,0.00080677815427425
"[50,55)",1,"Memory and cognitive problems",360738,233,0.000645898131053562
"[55,60)",0,"Memory and cognitive problems",349624,573,0.00163890350776835
"[55,60)",1,"Memory and cognitive problems",384918,572,0.00148603079097366
"[60,65)",0,"Memory and cognitive problems",344312,1095,0.00318025511745161
"[60,65)",1,"Memory and cognitive problems",384813,1098,0.00285333395701289
"[65,70)",0,"Memory and cognitive problems",281362,2272,0.0080750065751594
"[65,70)",1,"Memory and cognitive problems",318542,2439,0.00765676111784317
"[70,75)",0,"Memory and cognitive problems",202067,3988,0.0197360281490793
"[70,75)",1,"Memory and cognitive problems",244787,4928,0.0201317880442997
"[75,80)",0,"Memory and cognitive problems",151488,6754,0.0445843895226024
"[75,80)",1,"Memory and cognitive problems",186752,9192,0.049220356408499
"[80,100]",0,"Memory and cognitive problems",191432,24313,0.127005934222074
"[80,100]",1,"Memory and cognitive problems",295206,50701,0.171747864203302
"[40,45)",0,"Mobility and transfer problems",300490,211,0.000702186428832906
"[40,45)",1,"Mobility and transfer problems",327169,263,0.00080386589193964
"[45,50)",0,"Mobility and transfer problems",305129,257,0.000842266713422847
"[45,50)",1,"Mobility and transfer problems",335558,355,0.00105793931302487
"[50,55)",0,"Mobility and transfer problems",328467,407,0.00123908946713064
"[50,55)",1,"Mobility and transfer problems",360738,438,0.00121417760258137
"[55,60)",0,"Mobility and transfer problems",349624,605,0.00173043040523534
"[55,60)",1,"Mobility and transfer problems",384918,680,0.00176661003122743
"[60,65)",0,"Mobility and transfer problems",344312,758,0.0022014916703455
"[60,65)",1,"Mobility and transfer problems",384813,889,0.00231021301255415
"[65,70)",0,"Mobility and transfer problems",281362,1063,0.00377805105167009
"[65,70)",1,"Mobility and transfer problems",318542,1341,0.00420980592826064
"[70,75)",0,"Mobility and transfer problems",202067,1156,0.00572087475936199
"[70,75)",1,"Mobility and transfer problems",244787,1514,0.00618496897302553
"[75,80)",0,"Mobility and transfer problems",151488,1138,0.00751214617659485
"[75,80)",1,"Mobility and transfer problems",186752,1633,0.0087442169294037
"[80,100]",0,"Mobility and transfer problems",191432,2673,0.0139631827489657
"[80,100]",1,"Mobility and transfer problems",295206,5105,0.0172930089496826
"[40,45)",0,"Osteoporosis",300490,169,0.000562414722619721
"[40,45)",1,"Osteoporosis",327169,392,0.00119815752714958
"[45,50)",0,"Osteoporosis",305129,239,0.000783275270459379
"[45,50)",1,"Osteoporosis",335558,1075,0.00320361904648377
"[50,55)",0,"Osteoporosis",328467,431,0.0013121561678951
"[50,55)",1,"Osteoporosis",360738,3155,0.00874595967156219
"[55,60)",0,"Osteoporosis",349624,792,0.00226529071230808
"[55,60)",1,"Osteoporosis",384918,9457,0.0245688692137027
"[60,65)",0,"Osteoporosis",344312,1268,0.00368270638258324
"[60,65)",1,"Osteoporosis",384813,19370,0.050336137292659
"[65,70)",0,"Osteoporosis",281362,2011,0.00714737597827709
"[65,70)",1,"Osteoporosis",318542,30742,0.0965084667014083
"[70,75)",0,"Osteoporosis",202067,2595,0.0128422750869761
"[70,75)",1,"Osteoporosis",244787,32134,0.131273311082696
"[75,80)",0,"Osteoporosis",151488,3050,0.0201336079425433
"[75,80)",1,"Osteoporosis",186752,29360,0.157213845099383
"[80,100]",0,"Osteoporosis",191432,5970,0.031186008608801
"[80,100]",1,"Osteoporosis",295206,54117,0.183319444726733
"[40,45)",0,"Parkinsonism and tremor",300490,590,0.00196345968251855
"[40,45)",1,"Parkinsonism and tremor",327169,806,0.00246355858898612
"[45,50)",0,"Parkinsonism and tremor",305129,847,0.00277587512166985
"[45,50)",1,"Parkinsonism and tremor",335558,1004,0.00299203118387879
"[50,55)",0,"Parkinsonism and tremor",328467,1196,0.00364115725476227
"[50,55)",1,"Parkinsonism and tremor",360738,1208,0.0033486907395395
"[55,60)",0,"Parkinsonism and tremor",349624,1984,0.00567466764295357
"[55,60)",1,"Parkinsonism and tremor",384918,1799,0.00467372271496786
"[60,65)",0,"Parkinsonism and tremor",344312,2800,0.00813215920444248
"[60,65)",1,"Parkinsonism and tremor",384813,2720,0.00706836827238165
"[65,70)",0,"Parkinsonism and tremor",281362,4268,0.0151690704501674
"[65,70)",1,"Parkinsonism and tremor",318542,3863,0.0121271292325659
"[70,75)",0,"Parkinsonism and tremor",202067,5036,0.0249224267198503
"[70,75)",1,"Parkinsonism and tremor",244787,4551,0.0185916735774367
"[75,80)",0,"Parkinsonism and tremor",151488,5713,0.0377125580904098
"[75,80)",1,"Parkinsonism and tremor",186752,4895,0.0262112320082248
"[80,100]",0,"Parkinsonism and tremor",191432,9626,0.0502841740147938
"[80,100]",1,"Parkinsonism and tremor",295206,10049,0.034040636030433
"[40,45)",0,"Peptic ulcer",300490,613,0.00204000133115911
"[40,45)",1,"Peptic ulcer",327169,648,0.00198062774896155
"[45,50)",0,"Peptic ulcer",305129,684,0.00224167483261178
"[45,50)",1,"Peptic ulcer",335558,793,0.0023632278175457
"[50,55)",0,"Peptic ulcer",328467,922,0.00280697908770135
"[50,55)",1,"Peptic ulcer",360738,1040,0.002882978782385
"[55,60)",0,"Peptic ulcer",349624,1227,0.00350948447475002
"[55,60)",1,"Peptic ulcer",384918,1323,0.00343709569310866
"[60,65)",0,"Peptic ulcer",344312,1510,0.00438555728525291
"[60,65)",1,"Peptic ulcer",384813,1592,0.00413707437118808
"[65,70)",0,"Peptic ulcer",281362,1806,0.00641877723359942
"[65,70)",1,"Peptic ulcer",318542,1875,0.00588619397128165
"[70,75)",0,"Peptic ulcer",202067,1852,0.00916527686361454
"[70,75)",1,"Peptic ulcer",244787,2046,0.00835828700053516
"[75,80)",0,"Peptic ulcer",151488,1719,0.011347433460076
"[75,80)",1,"Peptic ulcer",186752,1890,0.010120373543523
"[80,100]",0,"Peptic ulcer",191432,2889,0.0150915207488821
"[80,100]",1,"Peptic ulcer",295206,3671,0.0124353841046591
"[40,45)",0,"Peripheral vascular disease",300490,471,0.00156743984824786
"[40,45)",1,"Peripheral vascular disease",327169,472,0.00144267947146582
"[45,50)",0,"Peripheral vascular disease",305129,958,0.00313965568661124
"[45,50)",1,"Peripheral vascular disease",335558,900,0.00268209966682362
"[50,55)",0,"Peripheral vascular disease",328467,1890,0.00575400268520125
"[50,55)",1,"Peripheral vascular disease",360738,1587,0.00439931473812019
"[55,60)",0,"Peripheral vascular disease",349624,3995,0.0114265611056449
"[55,60)",1,"Peripheral vascular disease",384918,2858,0.00742495804301176
"[60,65)",0,"Peripheral vascular disease",344312,6434,0.0186865401147796
"[60,65)",1,"Peripheral vascular disease",384813,4331,0.0112548172748842
"[65,70)",0,"Peripheral vascular disease",281362,9410,0.0334444594508143
"[65,70)",1,"Peripheral vascular disease",318542,6614,0.0207633530272303
"[70,75)",0,"Peripheral vascular disease",202067,10615,0.0525320809434495
"[70,75)",1,"Peripheral vascular disease",244787,8644,0.0353123327627693
"[75,80)",0,"Peripheral vascular disease",151488,11549,0.0762370616814533
"[75,80)",1,"Peripheral vascular disease",186752,10207,0.0546553718300206
"[80,100]",0,"Peripheral vascular disease",191432,23986,0.125297755861089
"[80,100]",1,"Peripheral vascular disease",295206,33387,0.113097294770431
"[40,45)",0,"Polypharmacy",300490,15493,0.0515591201038304
"[40,45)",1,"Polypharmacy",327169,36584,0.111819885135817
"[45,50)",0,"Polypharmacy",305129,20453,0.0670306657184338
"[45,50)",1,"Polypharmacy",335558,43235,0.128845087883466
"[50,55)",0,"Polypharmacy",328467,28255,0.0860208179208261
"[50,55)",1,"Polypharmacy",360738,52011,0.144179432164064
"[55,60)",0,"Polypharmacy",349624,37763,0.108010319657689
"[55,60)",1,"Polypharmacy",384918,60635,0.157527057710993
"[60,65)",0,"Polypharmacy",344312,44626,0.129609191663375
"[60,65)",1,"Polypharmacy",384813,66441,0.172657888376952
"[65,70)",0,"Polypharmacy",281362,33892,0.120456920266418
"[65,70)",1,"Polypharmacy",318542,47190,0.148143729869217
"[70,75)",0,"Polypharmacy",202067,24175,0.119638535733197
"[70,75)",1,"Polypharmacy",244787,36236,0.148030736926389
"[75,80)",0,"Polypharmacy",151488,20072,0.132498943810731
"[75,80)",1,"Polypharmacy",186752,29630,0.158659612748458
"[80,100]",0,"Polypharmacy",191432,26944,0.1407497179155
"[80,100]",1,"Polypharmacy",295206,44396,0.150389897224311
"[40,45)",0,"Requirement for care",300490,0,0
"[40,45)",1,"Requirement for care",327169,0,0
"[45,50)",0,"Requirement for care",305129,0,0
"[45,50)",1,"Requirement for care",335558,0,0
"[50,55)",0,"Requirement for care",328467,0,0
"[50,55)",1,"Requirement for care",360738,0,0
"[55,60)",0,"Requirement for care",349624,0,0
"[55,60)",1,"Requirement for care",384918,0,0
"[60,65)",0,"Requirement for care",344312,0,0
"[60,65)",1,"Requirement for care",384813,0,0
"[65,70)",0,"Requirement for care",281362,0,0
"[65,70)",1,"Requirement for care",318542,0,0
"[70,75)",0,"Requirement for care",202067,0,0
"[70,75)",1,"Requirement for care",244787,0,0
"[75,80)",0,"Requirement for care",151488,0,0
"[75,80)",1,"Requirement for care",186752,0,0
"[80,100]",0,"Requirement for care",191432,0,0
"[80,100]",1,"Requirement for care",295206,0,0
"[40,45)",0,"Respiratory disease",300490,4749,0.0158041864953909
"[40,45)",1,"Respiratory disease",327169,6940,0.0212122786694338
"[45,50)",0,"Respiratory disease",305129,6479,0.0212336421644616
"[45,50)",1,"Respiratory disease",335558,9482,0.0282574100453573
"[50,55)",0,"Respiratory disease",328467,10145,0.0308859033023104
"[50,55)",1,"Respiratory disease",360738,13204,0.0366027421563572
"[55,60)",0,"Respiratory disease",349624,16402,0.0469132553829257
"[55,60)",1,"Respiratory disease",384918,19540,0.0507640588385059
"[60,65)",0,"Respiratory disease",344312,22857,0.0663845581914078
"[60,65)",1,"Respiratory disease",384813,25939,0.0674067664034219
"[65,70)",0,"Respiratory disease",281362,26781,0.0951834291766479
"[65,70)",1,"Respiratory disease",318542,28966,0.0909330637718103
"[70,75)",0,"Respiratory disease",202067,25487,0.126131431653857
"[70,75)",1,"Respiratory disease",244787,29883,0.122077561308403
"[75,80)",0,"Respiratory disease",151488,24164,0.159510984368399
"[75,80)",1,"Respiratory disease",186752,28869,0.154584689856066
"[80,100]",0,"Respiratory disease",191432,36646,0.191430899745079
"[80,100]",1,"Respiratory disease",295206,53634,0.181683299119937
"[40,45)",0,"Skin ulcer",300490,366,0.0012180105827149
"[40,45)",1,"Skin ulcer",327169,265,0.000809978940547546
"[45,50)",0,"Skin ulcer",305129,557,0.00182545742948065
"[45,50)",1,"Skin ulcer",335558,447,0.00133210950118906
"[50,55)",0,"Skin ulcer",328467,885,0.00269433459068948
"[50,55)",1,"Skin ulcer",360738,647,0.00179354545404144
"[55,60)",0,"Skin ulcer",349624,1390,0.00397569960872251
"[55,60)",1,"Skin ulcer",384918,1067,0.0027720189754701
"[60,65)",0,"Skin ulcer",344312,1834,0.00532656427890983
"[60,65)",1,"Skin ulcer",384813,1430,0.00371609067261241
"[65,70)",0,"Skin ulcer",281362,2427,0.00862589830894008
"[65,70)",1,"Skin ulcer",318542,1946,0.00610908451632752
"[70,75)",0,"Skin ulcer",202067,2633,0.0130303315237025
"[70,75)",1,"Skin ulcer",244787,2504,0.0102293013926393
"[75,80)",0,"Skin ulcer",151488,2892,0.0190906210392902
"[75,80)",1,"Skin ulcer",186752,2834,0.0151752056202879
"[80,100]",0,"Skin ulcer",191432,7734,0.0404007689414518
"[80,100]",1,"Skin ulcer",295206,11584,0.0392403948429232
"[40,45)",0,"Sleep disturbance",300490,6721,0.0223668008918766
"[40,45)",1,"Sleep disturbance",327169,10274,0.0314027306988131
"[45,50)",0,"Sleep disturbance",305129,7766,0.0254515303363495
"[45,50)",1,"Sleep disturbance",335558,12978,0.0386758771955966
"[50,55)",0,"Sleep disturbance",328467,9076,0.0276313906724268
"[50,55)",1,"Sleep disturbance",360738,15709,0.0435468400889288
"[55,60)",0,"Sleep disturbance",349624,10507,0.030052284740178
"[55,60)",1,"Sleep disturbance",384918,17585,0.045685054998727
"[60,65)",0,"Sleep disturbance",344312,11279,0.0327580798810381
"[60,65)",1,"Sleep disturbance",384813,18136,0.0471293849220271
"[65,70)",0,"Sleep disturbance",281362,11008,0.0391239755190822
"[65,70)",1,"Sleep disturbance",318542,17673,0.0554809098957123
"[70,75)",0,"Sleep disturbance",202067,8635,0.0427333508192827
"[70,75)",1,"Sleep disturbance",244787,14385,0.058765375612267
"[75,80)",0,"Sleep disturbance",151488,7147,0.0471786544148711
"[75,80)",1,"Sleep disturbance",186752,11758,0.0629605037697053
"[80,100]",0,"Sleep disturbance",191432,10582,0.0552781144218313
"[80,100]",1,"Sleep disturbance",295206,21157,0.0716685975217306
"[40,45)",0,"Social vulnerability",300490,453,0.00150753768844221
"[40,45)",1,"Social vulnerability",327169,497,0.00151909257906464
"[45,50)",0,"Social vulnerability",305129,512,0.00167797882207198
"[45,50)",1,"Social vulnerability",335558,606,0.00180594710899457
"[50,55)",0,"Social vulnerability",328467,680,0.00207022318832638
"[50,55)",1,"Social vulnerability",360738,815,0.00225925741119594
"[55,60)",0,"Social vulnerability",349624,879,0.00251412946479647
"[55,60)",1,"Social vulnerability",384918,1064,0.00276422510768527
"[60,65)",0,"Social vulnerability",344312,936,0.0027184646483422
"[60,65)",1,"Social vulnerability",384813,1180,0.00306642447110675
"[65,70)",0,"Social vulnerability",281362,1036,0.00368208926578571
"[65,70)",1,"Social vulnerability",318542,1328,0.00416899498339308
"[70,75)",0,"Social vulnerability",202067,772,0.00382051497770541
"[70,75)",1,"Social vulnerability",244787,1226,0.00500843590550152
"[75,80)",0,"Social vulnerability",151488,602,0.00397391212505281
"[75,80)",1,"Social vulnerability",186752,979,0.00524224640164496
"[80,100]",0,"Social vulnerability",191432,808,0.00422081992561327
"[80,100]",1,"Social vulnerability",295206,1643,0.00556560503512801
"[40,45)",0,"Thyroid disease",300490,6932,0.0230689873207095
"[40,45)",1,"Thyroid disease",327169,27793,0.0849499799797658
"[45,50)",0,"Thyroid disease",305129,9352,0.0306493319219084
"[45,50)",1,"Thyroid disease",335558,35335,0.105302213030236
"[50,55)",0,"Thyroid disease",328467,12560,0.0382382400667343
"[50,55)",1,"Thyroid disease",360738,44288,0.122770542609872
"[55,60)",0,"Thyroid disease",349624,15895,0.045463126101183
"[55,60)",1,"Thyroid disease",384918,54900,0.142627780462332
"[60,65)",0,"Thyroid disease",344312,19198,0.0557575687167453
"[60,65)",1,"Thyroid disease",384813,61953,0.160995080727522
"[65,70)",0,"Thyroid disease",281362,20193,0.07176875342086
"[65,70)",1,"Thyroid disease",318542,62082,0.194894236866724
"[70,75)",0,"Thyroid disease",202067,18423,0.0911727298371332
"[70,75)",1,"Thyroid disease",244787,55616,0.227201607928526
"[75,80)",0,"Thyroid disease",151488,17020,0.112352133502324
"[75,80)",1,"Thyroid disease",186752,47941,0.256709432830706
"[80,100]",0,"Thyroid disease",191432,29740,0.155355426469974
"[80,100]",1,"Thyroid disease",295206,86793,0.2940082518648
"[40,45)",0,"Urinary incontinence",300490,308,0.00102499251223002
"[40,45)",1,"Urinary incontinence",327169,4926,0.0150564387212725
"[45,50)",0,"Urinary incontinence",305129,464,0.00152066830750273
"[45,50)",1,"Urinary incontinence",335558,6350,0.0189237032048111
"[50,55)",0,"Urinary incontinence",328467,765,0.00232900108686717
"[50,55)",1,"Urinary incontinence",360738,7143,0.0198010744640154
"[55,60)",0,"Urinary incontinence",349624,1334,0.00381552753815528
"[55,60)",1,"Urinary incontinence",384918,7635,0.0198353935123845
"[60,65)",0,"Urinary incontinence",344312,2280,0.00662190106647459
"[60,65)",1,"Urinary incontinence",384813,8684,0.0225668051755008
"[65,70)",0,"Urinary incontinence",281362,3584,0.0127380385410965
"[65,70)",1,"Urinary incontinence",318542,10098,0.0317006862517345
"[70,75)",0,"Urinary incontinence",202067,4479,0.0221659152657287
"[70,75)",1,"Urinary incontinence",244787,10681,0.0436338531049443
"[75,80)",0,"Urinary incontinence",151488,4929,0.0325372306717364
"[75,80)",1,"Urinary incontinence",186752,10623,0.0568829249485949
"[80,100]",0,"Urinary incontinence",191432,9307,0.0486177859501024
"[80,100]",1,"Urinary incontinence",295206,20317,0.0688231269012147
"[40,45)",0,"Urinary system disease",300490,8552,0.0284601817032181
"[40,45)",1,"Urinary system disease",327169,18923,0.0578386094037027
"[45,50)",0,"Urinary system disease",305129,11240,0.0368368788282988
"[45,50)",1,"Urinary system disease",335558,20242,0.0603234016176041
"[50,55)",0,"Urinary system disease",328467,17078,0.0519930464856439
"[50,55)",1,"Urinary system disease",360738,21745,0.0602792054066941
"[55,60)",0,"Urinary system disease",349624,26409,0.0755354323501819
"[55,60)",1,"Urinary system disease",384918,23891,0.0620677650824331
"[60,65)",0,"Urinary system disease",344312,37765,0.109682497269918
"[60,65)",1,"Urinary system disease",384813,25297,0.0657384235979554
"[65,70)",0,"Urinary system disease",281362,48916,0.173854322900747
"[65,70)",1,"Urinary system disease",318542,25318,0.0794808847812847
"[70,75)",0,"Urinary system disease",202067,48679,0.240905244300158
"[70,75)",1,"Urinary system disease",244787,23486,0.0959446375828782
"[75,80)",0,"Urinary system disease",151488,44528,0.293937473595268
"[75,80)",1,"Urinary system disease",186752,21372,0.114440541466758
"[80,100]",0,"Urinary system disease",191432,67259,0.351346692298048
"[80,100]",1,"Urinary system disease",295206,40486,0.137144908978815
"[40,45)",0,"Visual impairment",300490,2340,0.0077872807747346
"[40,45)",1,"Visual impairment",327169,2797,0.00854909847815655
"[45,50)",0,"Visual impairment",305129,4720,0.015468867265976
"[45,50)",1,"Visual impairment",335558,5488,0.0163548477461422
"[50,55)",0,"Visual impairment",328467,9497,0.02891310238167
"[50,55)",1,"Visual impairment",360738,11839,0.0328188325044769
"[55,60)",0,"Visual impairment",349624,18511,0.0529454499691097
"[55,60)",1,"Visual impairment",384918,24741,0.0642760276214674
"[60,65)",0,"Visual impairment",344312,32342,0.0939322474964567
"[60,65)",1,"Visual impairment",384813,46438,0.120676796262081
"[65,70)",0,"Visual impairment",281362,51839,0.184243074757785
"[65,70)",1,"Visual impairment",318542,72638,0.228032724099177
"[70,75)",0,"Visual impairment",202067,53798,0.266238425868648
"[70,75)",1,"Visual impairment",244787,74025,0.302405765012031
"[75,80)",0,"Visual impairment",151488,46869,0.309390842839037
"[75,80)",1,"Visual impairment",186752,59877,0.320623072309801
"[80,100]",0,"Visual impairment",191432,61473,0.321121860503991
"[80,100]",1,"Visual impairment",295206,93303,0.316060649173797
"[40,45)",0,"Weight loss and anorexia",300490,1952,0.00649605644114613
"[40,45)",1,"Weight loss and anorexia",327169,2465,0.00753433240924415
"[45,50)",0,"Weight loss and anorexia",305129,2170,0.00711174617948474
"[45,50)",1,"Weight loss and anorexia",335558,2694,0.00802841833602537
"[50,55)",0,"Weight loss and anorexia",328467,2736,0.00832960388714848
"[50,55)",1,"Weight loss and anorexia",360738,3191,0.00884575509095244
"[55,60)",0,"Weight loss and anorexia",349624,3984,0.0113950987346406
"[55,60)",1,"Weight loss and anorexia",384918,4284,0.0111296431967328
"[60,65)",0,"Weight loss and anorexia",344312,4722,0.0137143056297776
"[60,65)",1,"Weight loss and anorexia",384813,5012,0.0130245080077856
"[65,70)",0,"Weight loss and anorexia",281362,5535,0.0196721661062972
"[65,70)",1,"Weight loss and anorexia",318542,6017,0.0188891888667742
"[70,75)",0,"Weight loss and anorexia",202067,5645,0.0279362785610713
"[70,75)",1,"Weight loss and anorexia",244787,6731,0.0274973752691115
"[75,80)",0,"Weight loss and anorexia",151488,6128,0.0404520490071821
"[75,80)",1,"Weight loss and anorexia",186752,7572,0.0405457505140507
"[80,100]",0,"Weight loss and anorexia",191432,12510,0.0653495758284926
"[80,100]",1,"Weight loss and anorexia",295206,21088,0.0714348624350454
